{"eval/episode_reward_std":6.879942417144775,"eval/episode_stand_still_std":0,"training/policy_loss":-0.006238579750061035,"eval/episode_orientation":-1.5328292846679688,"eval/episode_torques_std":66.1986083984375,"eval/video":{"size":411715,"path":"media/videos/eval/video_401408000_6dd83781cf6b46b3a3df.mp4","_type":"video-file","sha256":"6dd83781cf6b46b3a3dfdd43de14d4e1c177f2e5c4a29aa691af01181854578b"},"eval/episode_stand_still_joint_velocity":0,"eval/episode_abduction_angle":-48.416770935058594,"_timestamp":1.7762023625179605e+09,"_runtime":1777.731660866,"eval/video/command/vx":0.5,"training/walltime":1510.624486207962,"eval/video/command/wz":1.5,"eval/episode_torques":-335.9652404785156,"eval/avg_episode_length":485.046875,"time_to_train":1636.644063,"training/v_loss":0.003100225469097495,"eval/episode_tracking_ang_vel":750.5343017578125,"eval/episode_feet_air_time":0.06416246294975281,"eval/episode_mechanical_work":-0.4441951513290405,"eval/episode_orientation_std":0.48359405994415283,"eval/episode_ang_vel_xy_std":0,"_wandb":{"runtime":1777},"eval/episode_mechanical_work_std":0.12534461915493011,"eval/episode_tracking_orientation":0,"eval/episode_joint_acceleration_std":20.1749210357666,"eval/episode_termination_std":0,"eval/episode_lin_vel_z_std":0,"training/sps":278495.95911996753,"eval/walltime":102.77970814704895,"eval/episode_total_dist_std":351.2430419921875,"eval/sps":24413.712291298973,"eval/episode_tracking_lin_vel":1758.37451171875,"eval/episode_body_collision_std":0,"eval/episode_total_dist":895.7174072265625,"eval/episode_action_rate":-39.75092315673828,"eval/episode_foot_slip_std":0,"eval/episode_knee_collision":-0.1875,"eval/episode_tracking_orientation_std":0,"eval/episode_joint_acceleration":-145.30860900878906,"eval/episode_ang_vel_xy":0,"eval/episode_tracking_lin_vel_std":278.1400146484375,"eval/episode_foot_slip":0,"eval/epoch_eval_time":2.6214776039123535,"eval/episode_tracking_ang_vel_std":119.41242980957031,"eval/episode_abduction_angle_std":20.2199649810791,"eval/episode_action_rate_std":8.723304748535156,"training/total_loss":0.10253588855266571,"training/entropy_loss":0.10567424446344376,"benchmark_physics_steps_per_sec":2.734729626213418e+06,"eval/episode_feet_air_time_std":0.022373653948307037,"time_to_jit":123.100899,"eval/episode_termination":0,"eval/episode_body_collision":0,"eval/episode_stand_still_joint_velocity_std":0,"eval/episode_lin_vel_z":0,"eval/episode_knee_collision_std":0.8727650046348572,"eval/episode_reward":38.8678092956543,"eval/video/command/vy":0.4,"_step":401408000,"eval/episode_stand_still":0}